warehouse,product,quantity
W2,1CEB16,48
W4,1CEB16,199
B4,1CEB16,148
B5,1CEB16,71
H3,1CEB16,56
C1,1CEB16,199
B3,1CEB16,163
B4,AE2958,163
B3,AE2958,99
B1,AE2958,171
H3,AE2958,97
B5,AE2958,198
W4,AE2958,38
H3,16B079,200
W4,16B079,180
W3,16B079,173
W1,16B079,191
B1,16B079,95
B1,D76FE9,68
W4,D76FE9,73
B3,D76FE9,171
B2,D76FE9,129
B4,D76FE9,190
W1,D76FE9,79
W2,D76FE9,111
H2,D76FE9,115
H3,D76FE9,164
B1,85C520,82
C1,85C520,144
B2,85C520,94
W3,85C520,51
W4,85C520,168
B2,EE7A4F,115
H2,EE7A4F,84
H3,EE7A4F,72
H3,F7882F,163
B3,F7882F,6
H2,F7882F,34
B2,F7882F,2
W3,F7882F,133
C1,F7882F,147
W4,F7882F,111
W1,F7882F,95
W2,F7882F,125
B1,F7882F,188
B4,F7882F,68
B4,570E77,56
W1,570E77,51
B1,570E77,9
C1,570E77,150
B3,570E77,146
B5,570E77,98
W3,570E77,26
W3,8B645F,74
W4,E1D9F2,138
C1,E1D9F2,72
W2,E1D9F2,92
W3,E1D9F2,76
B1,E1D9F2,6
B2,E1D9F2,46
H3,E1D9F2,68
B4,E1D9F2,152
H2,E1D9F2,92
C1,1BB5E8,140
H2,1BB5E8,39
W1,1BB5E8,135
B3,1BB5E8,3
W2,1BB5E8,184
B2,1BB5E8,111
B1,1BB5E8,53
B5,1BB5E8,3
W3,9DFCE3,58
H2,9DFCE3,170
W4,99C12D,162
B1,99C12D,48
H2,99C12D,170
H3,99C12D,55
B5,6EF9CC,127
B3,6EF9CC,99
W3,6EF9CC,109
W2,6EF9CC,50
W4,6EF9CC,26
W1,6EF9CC,90
B2,BB4616,164
C1,E18719,110
B1,E18719,88
B3,E18719,163
H3,BA96CE,154
B4,BA96CE,105
B3,BA96CE,41
W1,BA96CE,21
C1,BA96CE,20
W2,BA96CE,78
B5,BA96CE,128
W3,BA96CE,87
B3,5AE1EE,76
W4,5AE1EE,123
H3,5AE1EE,81
B4,5AE1EE,83
W2,5AE1EE,27
B5,5AE1EE,106
B2,5AE1EE,111
W3,5AE1EE,29
W1,5AE1EE,67
H2,5AE1EE,123
B1,5AE1EE,35
W2,6607D7,198
W1,5FBE29,27
B4,5FBE29,69
B5,5FBE29,21
W3,5FBE29,62
B3,5FBE29,72
H3,5FBE29,64
W4,5FBE29,118
B1,5FBE29,27
B3,A51E2F,61
B1,A51E2F,178
C1,A51E2F,116
B2,A51E2F,121
B4,A51E2F,89
W3,A51E2F,181
W2,A51E2F,199
B5,A51E2F,122
W4,A51E2F,182
W3,903F8A,174
H3,903F8A,43
B2,903F8A,76
W4,903F8A,57
B4,903F8A,75
B3,903F8A,161
H2,903F8A,157
W1,903F8A,84
B5,903F8A,172
W2,903F8A,89
C1,903F8A,158
C1,F80202,63
W3,F80202,168
B5,F80202,186
H2,F80202,49
W1,F80202,52
B1,F80202,153
W2,E4AF36,18
B4,E4AF36,85
W4,7D895D,50
B3,7D895D,55
B1,7D895D,36
H2,7D895D,77
B4,7D895D,160
H3,7D895D,176
B2,7D895D,109
C1,7D895D,177
W2,7D895D,47
W3,7D895D,43
W1,7D895D,103
H2,B9FD21,97
B5,B9FD21,75
W2,B9FD21,94
H3,B9FD21,184
W4,B9FD21,102
C1,B9FD21,17
B3,4F7CDC,41
B4,4F7CDC,15
H2,4F7CDC,95
B2,C35415,173
B4,C35415,39
W4,C35415,145
W3,C35415,121
B5,C35415,101
B1,C35415,185
C1,DF3202,158
H2,DF3202,51
W2,DF3202,119
B4,DF3202,60
W1,DF3202,11
B2,DF3202,155
W3,DF3202,79
B1,DF3202,92
H3,DF3202,95
W3,8DAFA5,66
H2,4BBAB2,142
W3,4BBAB2,65
H3,4BBAB2,117
C1,4BBAB2,25
B2,4BBAB2,138
H2,C83A8A,109
B4,C83A8A,177
B2,C83A8A,36
B2,1E050A,155
B3,1E050A,6
B1,1E050A,137
W2,1E050A,19
H2,1E050A,134
C1,1E050A,174
B5,1E050A,124
W3,1E050A,4
W1,127BE6,171
W3,127BE6,77
B4,127BE6,4
B5,127BE6,58
W4,127BE6,77
B3,127BE6,123
H3,127BE6,151
H2,127BE6,180
W2,127BE6,115
B2,127BE6,200
W4,EF5460,76
B4,EF5460,181
B5,EF5460,85
H3,EF5460,80
H2,EF5460,146
B3,EF5460,31
B2,EF5460,134
W3,EF5460,182
W2,EF5460,125
B1,EF5460,139
W1,EF5460,39
C1,927E31,194
W4,927E31,180
B1,927E31,7
W1,927E31,166
B2,927E31,183
B5,927E31,178
B4,927E31,187
B3,927E31,40
H3,927E31,52
B1,014537,79
H3,014537,100
W2,014537,97
C1,014537,132
W1,014537,194
B4,014537,43
W4,F2DDA4,174
C1,F2DDA4,6
W1,F2DDA4,186
B5,F2DDA4,125
W2,F2DDA4,183
B1,E0EB0C,110
B4,E0EB0C,103
C1,E0EB0C,116
W3,E0EB0C,62
B4,A0A4B8,135
W1,A0A4B8,112
W2,A0A4B8,115
W4,A0A4B8,141
B2,A0A4B8,94
H3,A0A4B8,23
C1,A0A4B8,139
B1,A0A4B8,176
B3,A0A4B8,169
B2,9B42F5,26
H2,9B42F5,11
W4,9B42F5,14
C1,9B42F5,34
H3,9B42F5,168
B4,9B42F5,152
B3,9B42F5,31
B1,9B42F5,78
W1,9B42F5,56
W2,9B42F5,12
W3,5624FA,7
B1,5624FA,120
B2,5624FA,45
W4,5624FA,172
B5,5624FA,17
C1,5624FA,33
B3,D9CFF8,14
H2,D9CFF8,174
W1,D9CFF8,46
B5,D9CFF8,197
W4,D9CFF8,108
C1,D9CFF8,32
B1,D9CFF8,20
W2,D9CFF8,125
W3,D9CFF8,188
B2,D9CFF8,174
H3,D9CFF8,6
B4,F91897,70
C1,F91897,133
W3,F91897,183
H2,F91897,170
W2,F91897,72
B1,20006C,76
B3,20006C,171
W3,20006C,127
H3,2ABD02,93
B2,2ABD02,34
H2,2ABD02,125
B3,2ABD02,45
B4,2ABD02,146
W3,2ABD02,115
C1,54C55C,155
W3,54C55C,81
B5,54C55C,75
B5,DC4F72,56
B4,DC4F72,142
W4,DC4F72,191
W1,DC4F72,88
W3,CCDAAE,128
C1,CCDAAE,45
B4,CCDAAE,180
B3,CCDAAE,133
B5,CCDAAE,190
H3,CCDAAE,164
B2,CCDAAE,118
W4,3995D3,14
W3,3995D3,52
C1,3995D3,97
B1,3995D3,84
B5,69373D,53
W2,69373D,170
W1,69373D,92
W4,69373D,6
C1,69373D,88
B2,7EA218,147
B3,7EA218,114
B5,7EA218,139
H2,7EA218,99
W1,7EA218,110
H3,7EA218,47
B1,7EA218,167
W3,7EA218,70
W4,7EA218,35
B4,74BBBF,178
C1,330329,45
B1,330329,45
H3,330329,190
B2,330329,81
H2,330329,31
B3,330329,76
W3,330329,86
B5,330329,181
B4,330329,156
W2,330329,62
W1,330329,191
B4,75DA23,156
W4,75DA23,107
B2,75DA23,193
B1,75DA23,163
B2,C0ABD3,149
B1,C0ABD3,193
W2,C0ABD3,47
H3,C0ABD3,193
H3,69E336,61
B5,78DFEC,62
B1,78DFEC,160
C1,78DFEC,143
W3,78DFEC,42
H3,78DFEC,153
B4,78DFEC,104
B3,78DFEC,153
W4,78DFEC,187
H2,78DFEC,133
B2,78DFEC,123
W4,EED6E1,129
C1,EED6E1,129
B3,EED6E1,171
H3,EED6E1,38
B5,EED6E1,23
B1,EED6E1,153
B2,EED6E1,19
W1,EED6E1,100
W3,EED6E1,87
W3,2A2697,157
B5,2A2697,13
B3,2A2697,80
B2,2A2697,175
W2,2A2697,101
W1,2A2697,127
B4,2A2697,138
C1,2A2697,38
W4,2A2697,165
H2,2A2697,24
B3,1FE9A7,81
W2,1FE9A7,82
W3,1FE9A7,11
C1,1FE9A7,200
B2,1FE9A7,172
H2,1FE9A7,7
B5,1FE9A7,34
W1,1FE9A7,26
B5,9059AB,3
W3,9059AB,108
H3,9059AB,7
B2,9059AB,38
W1,9059AB,30
C1,9059AB,83
B4,9059AB,148
B3,9059AB,157
H2,9059AB,91
B1,9059AB,26
B3,1C992E,161
W2,1C992E,197
W3,1C992E,50
B2,1C992E,60
W4,1C992E,107
W1,1C992E,60
B5,1C992E,180
H3,1C992E,121
H2,1C992E,167
B4,1C992E,102
H2,070DF1,116
W1,070DF1,33
B2,070DF1,39
B3,18024E,46
H3,18024E,181
B4,18024E,19
W4,18024E,191
W3,18024E,10
B5,6CE953,19
W2,6CE953,155
H3,6CE953,94
B4,6CE953,14
C1,6CE953,29
B1,6CE953,33
B2,6CE953,41
W1,6CE953,98
W4,6CE953,47
C1,4BEC24,77
W3,4BEC24,179
H2,4BEC24,177
B5,4BEC24,78
H3,4BEC24,13
B3,4BEC24,180
W3,B443A2,85
W1,B443A2,106
W2,B443A2,69
H2,B443A2,107
B4,B443A2,60
B1,B443A2,65
B3,B443A2,53
B1,6A33C9,11
B3,6A33C9,31
C1,6A33C9,101
B5,6A33C9,191
B2,6A33C9,46
W2,6A33C9,12
H3,4737CB,61
W2,4737CB,145
B5,4737CB,127
B3,4737CB,168
W2,40D13A,103
H2,40D13A,72
B5,40D13A,106
B1,40D13A,136
C1,40D13A,47
B2,40D13A,35
W4,40D13A,27
W2,0E918F,162
B3,0E918F,59
H2,D2E005,179
C1,D2E005,10
B5,D2E005,141
H3,05AB49,173
W3,05AB49,23
W1,05AB49,16
B5,05AB49,52
B1,E6DC30,113
W1,E6DC30,14
W3,E6DC30,181
C1,E6DC30,19
W2,E6DC30,181
B3,E6DC30,98
B5,E6DC30,78
W3,C12909,120
W2,C12909,44
B1,C12909,198
B5,C12909,140
B3,C12909,57
B1,249D64,167
H2,249D64,52
B2,249D64,41
B3,249D64,139
W4,249D64,142
H3,249D64,195
H3,E36366,105
B3,E36366,35
H2,E36366,132
W4,BFF1C4,48
W3,BFF1C4,64
C1,BFF1C4,19
B3,BFF1C4,184
B5,BFF1C4,47
W2,BFF1C4,76
B1,BFF1C4,132
B2,BFF1C4,70
H3,BFF1C4,35
W1,BFF1C4,145
H2,BFF1C4,185
W4,974734,142
B4,974734,145
C1,FF15DC,22
W2,FF15DC,193
B2,FF15DC,188
W2,2CB38C,42
B2,2CB38C,47
W4,2CB38C,186
H2,2CB38C,77
H3,2CB38C,60
H3,77C8AF,187
C1,77C8AF,155
B4,77C8AF,133
B4,32968A,167
W1,32968A,149
W2,A31524,174
B1,A31524,133
C1,A31524,140
B5,A31524,20
B4,A31524,193
W4,A31524,71
W1,A31524,198
B2,A31524,57
W1,5D1DB0,133
B2,5D1DB0,122
H3,5D1DB0,5
W3,5D1DB0,41
W1,999FA6,126
W3,999FA6,68
W4,999FA6,25
W1,09DF01,124
C1,09DF01,48
H2,09DF01,124
B2,09DF01,184
H3,09DF01,3
W2,09DF01,93
W3,09DF01,100
B3,09DF01,74
B5,09DF01,87
W2,2EB3D6,131
C1,2EB3D6,140
B2,B199C2,53
C1,989479,147
B5,A306B9,23
B4,A306B9,145
B3,A306B9,94
H3,A306B9,69
B2,A306B9,170
W3,A306B9,167
W1,A306B9,36
B1,A306B9,49
H2,A353D0,109
H3,4493C8,143
B5,4493C8,137
H2,4493C8,175
W3,4493C8,157
B3,4493C8,5
W4,4493C8,187
B4,4493C8,180
W1,4493C8,186
W2,4493C8,165
B2,4493C8,121
B3,B7BC87,64
W4,B7BC87,130
B5,B7BC87,154
W3,B7BC87,124
H2,B7BC87,77
B1,B7BC87,57
W1,B7BC87,45
B1,E37F6B,83
H3,E37F6B,120
B5,E37F6B,37
C1,E37F6B,84
W1,E37F6B,36
W3,E37F6B,66
H2,E37F6B,68
W2,28FEEB,189
W4,28FEEB,91
B1,28FEEB,142
C1,28FEEB,75
W1,28FEEB,87
W3,28FEEB,114
H2,28FEEB,95
B3,28FEEB,30
H2,621126,44
B3,621126,144
W1,621126,182
H3,621126,113
H2,FABA18,133
B1,FABA18,17
W3,8CBBA9,166
C1,8CBBA9,190
B3,285E76,27
B1,285E76,130
B2,285E76,79
H3,285E76,92
B5,285E76,159
B4,285E76,132
H2,285E76,149
B2,19259E,117
W2,19259E,82
B4,19259E,141
H2,19259E,160
B5,19259E,129
W2,6EE468,159
W4,90544A,187
B2,90544A,174
H2,90544A,91
B5,90544A,38
B3,90544A,178
W1,90544A,95
B1,90544A,47
C1,90544A,2
B4,90544A,113
B3,6A550D,140
B5,6A550D,18
B1,6A550D,63
W3,6A550D,85
B4,6A550D,9
H3,6A550D,153
H2,6A550D,76
B2,6A550D,63
W4,6A550D,102
W2,6A550D,14
W1,6A550D,43
W2,4572F5,66
B5,4572F5,54
W4,4572F5,83
H3,D42697,98
B4,D42697,103
B3,5B50CA,108
B4,5B50CA,148
W3,5B50CA,12
H2,5B50CA,5
B2,5B50CA,151
W4,5B50CA,134
H3,5B50CA,131
B5,5B50CA,104
H3,37BE15,121
B3,37BE15,4
B1,37BE15,74
W4,37BE15,95
W3,37BE15,92
B4,37BE15,33
H2,37BE15,20
W1,37BE15,140
C1,EF1712,96
H3,EF1712,124
B4,EF1712,193
W4,EF1712,122
W2,EF1712,138
H2,EF1712,135
B1,EF1712,107
W3,EF1712,15
B3,EF1712,29
W1,EF1712,170
W4,32B50A,44
B5,32B50A,60
W3,32B50A,112
B3,32B50A,167
B2,32B50A,120
H3,32B50A,62
B4,32B50A,83
W2,32B50A,62
H2,32B50A,44
B1,32B50A,28
W3,8BA811,41
W2,8BA811,191
W4,8BA811,132
W1,8BA811,179
H3,8BA811,170
B5,8BA811,16
H2,8BA811,105
C1,8BA811,76
B4,8BA811,19
B1,8BA811,122
B3,8BA811,135
B1,EBB265,77
W1,EBB265,82
H3,2ABAF9,10
W2,E86082,165
W4,E86082,104
B1,E86082,183
B3,DB6DEF,31
W1,DB6DEF,117
H3,DB6DEF,77
W3,2B9605,91
B5,2B9605,179
W1,2B9605,111
B4,2B9605,152
B4,0477B0,112
H3,0477B0,143
H2,0477B0,174
B1,0477B0,59
W2,0477B0,185
W3,0477B0,186
B1,0131D4,58
W1,0131D4,162
H2,8FE866,4
B1,8FE866,83
B3,8FE866,113
H3,8FE866,191
C1,FCECFD,155
B1,FCECFD,102
B2,FCECFD,64
W1,FCECFD,38
H3,FCECFD,130
W3,FCECFD,50
H2,64E083,142
W2,64E083,16
B1,64E083,87
B4,64E083,119
B3,64E083,91
W3,F88272,49
C1,F88272,51
W1,F88272,137
W3,F3D3CB,185
C1,F3D3CB,183
H2,F3D3CB,63
B2,F3D3CB,200
B4,F3D3CB,113
B1,F3D3CB,9
B3,F3D3CB,71
W2,F3D3CB,55
H3,F3D3CB,110
B3,4F3C19,63
W1,4F3C19,77
B5,4F3C19,92
B1,4F3C19,27
W2,4F3C19,124
B2,4F3C19,191
H3,4F3C19,198
B3,8ECA2F,35
W4,8ECA2F,57
B5,8ECA2F,119
B1,5A490A,121
H2,5A490A,143
B4,5A490A,16
W4,5A490A,199
B2,B6A5F0,114
W2,B6A5F0,159
B5,B6A5F0,44
W4,B6A5F0,184
B3,B6A5F0,114
H3,B6A5F0,152
B1,B6A5F0,56
B4,B6A5F0,158
C1,B6A5F0,153
B1,57CC8A,165
W2,57CC8A,110
W3,57CC8A,172
B2,57CC8A,119
B3,D46B62,188
C1,D46B62,35
B2,D46B62,102
B4,D46B62,81
W4,D46B62,87
H3,D46B62,17
B5,D46B62,146
H2,D46B62,140
W2,D46B62,145
B1,D46B62,145
W1,D46B62,138
W3,D655BC,171
W1,D655BC,64
W2,D655BC,68
H2,D655BC,51
B4,B6FB5A,179
B1,B6FB5A,152
C1,B6FB5A,177
W4,B6FB5A,148
H2,B6FB5A,22
B1,4914F8,156
W4,4914F8,148
W3,4914F8,125
W1,4914F8,199
W2,4914F8,147
B2,4914F8,115
C1,4914F8,177
B5,4914F8,35
H2,4914F8,130
B4,4914F8,155
B3,4914F8,158
B1,7BBA2B,104
W1,7BBA2B,124
B4,7BBA2B,140
C1,7BBA2B,60
H3,B51B56,125
B2,98507B,42
C1,98507B,72
W3,98507B,16
W1,98507B,1
H3,98507B,194
B5,98507B,80
W4,98507B,112
H2,98507B,62
B4,98507B,52
B1,0E9A6A,153
B5,0E9A6A,160
H3,0E9A6A,6
H2,0E9A6A,82
B3,0E9A6A,71
B4,0E9A6A,46
W2,0E9A6A,11
W4,0E9A6A,196
B5,742FE4,134
H3,742FE4,77
C1,742FE4,44
B4,742FE4,1
B2,D449C8,155
W4,D449C8,2
H2,D449C8,109
H3,D449C8,69
B1,D449C8,114
W1,08605B,136
W3,08605B,74
B2,08605B,157
H2,08605B,192
H3,08605B,110
W4,08605B,103
B5,08605B,149
B4,08605B,114
C1,08605B,112
B3,08605B,15
W3,881963,158
C1,881963,172
H2,881963,126
B4,881963,82
B3,881963,50
B1,881963,121
B2,881963,157
W1,881963,13
H2,A4FDBA,180
W3,5268DD,29
B5,5268DD,48
C1,5268DD,114
H2,5268DD,13
W2,5268DD,3
B3,5268DD,76
W1,5268DD,96
B1,5268DD,83
C1,12B775,66
B4,12B775,23
B2,1B8571,99
W2,1B8571,121
H2,1B8571,187
W3,1B8571,157
B4,1B8571,1
B5,1B8571,170
W4,1B8571,27
B1,1B8571,2
B3,1B8571,154
C1,1B8571,53
W2,44691F,12
C1,BF7238,95
B4,BF7238,39
B2,BF7238,97
B3,BF7238,67
H2,BF7238,63
B5,BF7238,170
W1,BF7238,74
W4,BF7238,64
B1,BF7238,166
W2,BF7238,43
W3,BF7238,37
W2,2DCFE1,146
W3,2DCFE1,33
H3,2DCFE1,115
B2,8F4A2B,107
H2,8F4A2B,81
W4,8F4A2B,97
B3,8F4A2B,39
C1,8F4A2B,187
B4,89F308,78
H2,89F308,176
W4,89F308,89
B3,89F308,52
B5,89F308,55
W1,89F308,152
W3,89F308,145
B2,89F308,199
W1,3DEF8E,21
W4,3DEF8E,6
H3,3DEF8E,83
B1,3DEF8E,74
B5,3DEF8E,39
H2,3DEF8E,24
B5,E5FCC5,130
C1,E5FCC5,169
B2,E5FCC5,112
W2,E5FCC5,5
H3,E5FCC5,105
W4,E5FCC5,181
H2,E5FCC5,188
W3,E5FCC5,111
B1,E5FCC5,91
W1,E5FCC5,170
B2,48C0C5,23
B3,48C0C5,119
W4,55EA23,76
B1,55EA23,122
H2,55EA23,114
B4,55EA23,20
B5,55EA23,178
B3,55EA23,52
H3,55EA23,191
W2,3661A0,101
B1,3661A0,173
B4,3661A0,97
W4,3661A0,61
W3,3661A0,38
W1,3661A0,2
H3,F5318C,171
B5,F5318C,182
C1,F5318C,184
W3,F5318C,50
B3,F5318C,55
W4,F5318C,182
B4,F5318C,1
W1,F5318C,63
B2,F5318C,69
W2,F5318C,17
H2,F110D5,23
B3,F110D5,174
W2,F110D5,158
B5,9AFDA1,15
W3,9AFDA1,9
B5,C6BD8D,137
W1,C6BD8D,32
B3,C6BD8D,54
B2,C6BD8D,18
W3,C6BD8D,162
W4,C6BD8D,172
B4,C6BD8D,123
H3,C6BD8D,118
B1,C6BD8D,5
B5,A3D72D,161
W1,A3D72D,173
B4,A3D72D,86
B3,A3D72D,30
H2,9CEA16,21
B1,9CEA16,131
W1,9CEA16,125
W1,5F9621,141
B4,5F9621,197
B3,5F9621,79
H2,5F9621,158
W2,5F9621,84
B2,5F9621,177
B1,5F9621,148
H3,5F9621,4
B5,5F9621,47
W3,5F9621,67
C1,5F9621,28
B1,3738E8,164
B3,3738E8,61
H2,668C5E,98
B2,668C5E,34
W2,668C5E,159
B1,668C5E,42
B5,668C5E,178
W3,668C5E,107
C1,668C5E,40
W4,668C5E,111
H3,668C5E,103
B4,668C5E,132
W1,668C5E,166
W3,FB4368,147
B2,FB4368,167
W1,FB4368,16
B5,FB4368,8
B4,FB4368,163
B3,FB4368,92
B1,FB4368,199
W1,995895,114
H3,2DF4CE,29
W4,2DF4CE,53
H2,2DF4CE,136
W3,2DF4CE,12
W2,2DF4CE,114
B4,2DF4CE,92
C1,2DF4CE,29
B1,2DF4CE,113
B3,2DF4CE,17
B3,1CF5BC,53
C1,1CF5BC,101
W3,1CF5BC,21
W2,1CF5BC,110
W4,1CF5BC,126
W1,1CF5BC,32
B4,1CF5BC,108
B2,1CF5BC,104
H2,1CF5BC,115
C1,8356C9,101
B3,8356C9,101
B4,8356C9,125
W4,8356C9,10
W1,8356C9,51
W2,7B56B5,102
W4,7B56B5,75
W3,7B56B5,40
C1,2CD465,102
B4,2CD465,140
B1,2CD465,166
B5,2CD465,111
B5,8E35B4,153
B4,8E35B4,44
H2,D8F1D0,112
W3,D8F1D0,57
B3,D8F1D0,90
B5,D8F1D0,24
C1,D8F1D0,178
B1,D8F1D0,103
W1,D8F1D0,148
H3,D8F1D0,190
B2,D8F1D0,159
B4,D8F1D0,60
H3,9191D1,21
C1,9191D1,51
W2,9191D1,106
B2,9191D1,186
H2,9191D1,142
W1,9191D1,60
B5,9191D1,20
B2,B30542,80
W4,B30542,189
B5,B30542,38
B4,B30542,191
B3,B30542,9
W1,B30542,13
C1,B30542,46
W3,231BCE,14
H3,231BCE,26
B4,231BCE,62
W4,231BCE,70
B2,231BCE,158
W1,231BCE,104
B2,2D4EDD,31
B5,2D4EDD,167
W2,2D4EDD,164
W3,2D4EDD,181
C1,2D4EDD,101
B2,9CB0E3,134
W2,9CB0E3,56
B4,9CB0E3,72
H2,9CB0E3,107
B1,9CB0E3,83
H3,9CB0E3,56
C1,9CB0E3,197
C1,EBBD9C,44
H3,EBBD9C,194
W2,EBBD9C,44
B3,27200C,50
C1,27200C,165
W2,27200C,79
W1,27200C,119
H2,27200C,190
B1,27200C,129
C1,4F0BD5,106
W1,4F0BD5,171
B1,4F0BD5,165
W4,4F0BD5,32
B2,4F0BD5,169
W3,4F0BD5,186
W2,4F0BD5,64
B4,4F0BD5,171
C1,A71997,199
W2,A71997,73
W4,A71997,176
H2,A71997,12
B4,A71997,131
W1,A71997,111
B2,A71997,17
B1,A71997,88
B5,A71997,89
H3,A71997,196
B3,A71997,3
B4,4FF64E,97
H2,4FF64E,7
H3,4FF64E,110
H2,945A8E,188
H3,945A8E,143
W2,945A8E,168
B3,945A8E,183
W1,945A8E,20
B1,945A8E,81
B5,945A8E,49
B4,945A8E,199
C1,945A8E,71
W4,945A8E,108
H3,E7882C,103
B2,E7882C,187
W3,E7882C,127
B5,E7882C,84
B4,E7882C,64
W2,E7882C,50
W4,2FCC0C,131
B2,2FCC0C,115
B1,2FCC0C,83
W2,2FCC0C,77
B5,2FCC0C,7
H2,2FCC0C,45
B4,2FCC0C,43
W1,2FCC0C,180
B3,2FCC0C,163
C1,2FCC0C,120
W3,2FCC0C,128
B2,90416C,126
W1,90416C,161
B1,90416C,39
W4,90416C,155
H3,90416C,88
W3,90416C,20
C1,90416C,70
B4,1846D0,24
B1,1846D0,46
W1,1846D0,1
W3,1846D0,45
H3,1846D0,187
C1,1846D0,50
B3,1846D0,22
W2,1846D0,164
B5,CD33E8,111
H2,CD33E8,199
W4,240551,172
B2,240551,151
W3,240551,103
B3,240551,186
H2,240551,45
B4,240551,140
B1,240551,185
H3,240551,108
W1,240551,177
W2,240551,83
B5,240551,132
B1,7DF656,64
W4,7DF656,3
W4,B91972,178
B3,B91972,161
H2,B91972,68
W2,B91972,54
B5,B91972,50
B4,B91972,62
B3,1D5A7D,28
H3,1D5A7D,60
B2,1D5A7D,166
H2,1D5A7D,9
C1,1D5A7D,153
W2,1D5A7D,141
W3,1D5A7D,54
B4,1D5A7D,4
C1,6FAF45,182
B1,6FAF45,193
H2,6FAF45,2
W2,6FAF45,162
H3,6FAF45,114
W1,6FAF45,4
B5,6FAF45,128
B2,6FAF45,28
W3,6FAF45,117
B4,6FAF45,51
W4,6FAF45,187
C1,53F81B,166
H3,CCABA2,126
B4,CCABA2,20
W1,CCABA2,35
B2,CCABA2,120
W4,CCABA2,119
W2,CCABA2,155
B1,CCABA2,87
W2,8F1A2E,89
B4,8F1A2E,198
W3,8F1A2E,71
H3,8F1A2E,95
B1,8F1A2E,164
B3,8F1A2E,113
H2,8F1A2E,143
B5,8F1A2E,11
B2,0C253C,77
B1,0C253C,116
W3,0C253C,116
C1,0C253C,1
B2,C6EC21,138
W4,C6EC21,155
C1,C6EC21,90
B1,C6EC21,186
B3,C6EC21,155
W3,C6EC21,148
W2,C6EC21,86
B5,C6EC21,43
B4,C6EC21,175
B3,31A31B,165
W2,31A31B,181
B2,31A31B,174
W1,31A31B,43
W4,31A31B,12
B4,31A31B,64
H2,664177,107
W3,3F5E36,113
B2,E94BBF,22
B5,E94BBF,1
C1,E94BBF,122
W4,E94BBF,187
B1,E94BBF,110
B3,FD2261,112
C1,FD2261,159
B5,FD2261,100
W3,FD2261,53
B4,FD2261,4
W4,FD2261,128
W2,FD2261,88
H2,FD2261,152
H3,FD2261,169
B1,FD2261,171
B2,FD2261,67
C1,1B079D,36
H3,1B079D,71
W4,1B079D,70
B1,1B079D,166
B4,1B079D,100
H2,1B079D,156
W1,1B079D,2
B2,1B079D,50
C1,F27E2C,108
W1,F27E2C,46
B2,F27E2C,14
W3,F27E2C,125
W2,B9DDF3,12
B4,B9DDF3,30
C1,B9DDF3,171
W1,B9DDF3,18
W4,77B200,1
B5,77B200,136
H2,77B200,37
W2,77B200,25
H3,77B200,73
W3,77B200,78
W1,77B200,139
B3,77B200,77
B4,77B200,52
B2,77B200,121
C1,77B200,160
B5,F61D0F,29
B3,F61D0F,91
W4,F61D0F,7
C1,F61D0F,61
W1,F61D0F,194
C1,E50777,16
B5,E50777,159
B1,E50777,66
B2,E50777,4
W3,E50777,58
W2,E50777,26
B4,E50777,16
B3,E50777,198
W1,E50777,49
H3,E50777,174
H3,862EF7,195
B2,862EF7,71
H2,862EF7,108
B5,862EF7,97
W4,82D506,72
C1,82D506,28
W2,82D506,116
B1,82D506,49
H2,82D506,44
W3,82D506,185
B4,82D506,194
B2,82D506,38
B5,82D506,191
H3,82D506,155
H2,54771F,123
W4,54771F,114
B1,54771F,62
B4,54771F,88
W3,54771F,63
B2,EF7DAB,83
W1,EF7DAB,30
W2,EF7DAB,57
H2,EF7DAB,38
B3,EF7DAB,178
W4,EF7DAB,127
B3,04AF01,145
H3,04AF01,45
H2,61EA9F,12
B2,61EA9F,45
B3,B064A9,99
B1,B064A9,144
B4,B064A9,87
W2,B064A9,108
W3,B064A9,166
H2,B064A9,92
H3,B064A9,139
C1,B064A9,56
W4,B064A9,157
B5,B064A9,152
B2,B064A9,22
B3,F864E2,125
W3,F864E2,51
W2,F864E2,170
B5,F864E2,175
H2,F864E2,153
B4,F864E2,170
B1,EF222E,5
H3,EF222E,37
W2,EF222E,50
B5,EF222E,167
B4,EF222E,76
H2,EF222E,52
W1,EF222E,150
C1,EF222E,31
W2,367CFD,54
B1,367CFD,156
W4,367CFD,191
B3,367CFD,77
H2,367CFD,78
W3,367CFD,29
B5,367CFD,116
C1,367CFD,183
B4,367CFD,11
H3,367CFD,196
B4,35796F,51
B5,35796F,135
B3,35796F,158
C1,35796F,92
W4,35796F,101
B1,35796F,157
H3,35796F,32
W1,35796F,83
H2,35796F,73
W2,35796F,114
B2,35796F,46
B2,46D599,11
C1,46D599,32
H3,46D599,133
B1,46D599,43
B5,46D599,29
H2,46D599,79
W3,46D599,199
B2,7F7C69,176
W3,7F7C69,172
H2,7F7C69,26
C1,7F7C69,110
B5,7F7C69,11
W4,7F7C69,121
W2,B2019C,62
B2,B2019C,195
C1,92AB63,125
H3,92AB63,167
B5,92AB63,71
B1,92AB63,134
W3,92AB63,88
W4,92AB63,89
B4,92AB63,95
B3,92AB63,142
W1,92AB63,74
H2,92AB63,134
B5,B7499E,185
H2,B7499E,135
B2,39E403,196
H3,39E403,24
C1,39E403,179
W2,39E403,71
B3,39E403,47
W4,0A3F18,146
B4,0A3F18,48
B1,0A3F18,196
H3,DF86DC,141
W2,DF86DC,60
B3,DF86DC,94
B5,DF86DC,82
W4,DF86DC,11
C1,DF86DC,35
B2,4A8014,22
H3,F693EA,65
B5,F693EA,96
H2,F693EA,111
W4,F693EA,200
W3,F693EA,148
B3,F693EA,103
B4,F693EA,52
B2,F693EA,99
C1,F693EA,176
W2,F693EA,123
W3,2AA773,13
B2,2AA773,25
W4,9B65E7,73
H2,9B65E7,64
W3,9B65E7,106
W2,9B65E7,117
B3,9B65E7,102
B2,AE2CF8,87
W2,AE2CF8,55
B4,AE2CF8,110
W3,AE2CF8,152
B3,AE2CF8,198
B1,AE2CF8,60
W1,AE2CF8,162
B5,AE2CF8,152
W4,AE2CF8,107
H3,AE2CF8,137
B3,3014EC,3
H2,3014EC,26
B1,3014EC,143
H2,214998,135
B5,214998,182
B1,214998,91
W1,E4A092,148
H3,E4A092,22
W4,E4A092,122
W3,E4A092,114
C1,E4A092,56
B3,E4A092,79
B1,E4A092,116
B5,E4A092,122
B4,E4A092,51
H2,0534F5,186
B1,0534F5,9
B5,0534F5,110
H3,0534F5,77
W2,0534F5,79
W4,0534F5,13
C1,0534F5,143
B4,0534F5,64
W4,F0DD64,132
B5,F0DD64,101
H2,F0DD64,29
B3,F0DD64,89
W2,F0DD64,116
C1,F0DD64,95
W1,F0DD64,140
B4,F0DD64,48
B5,225D4C,74
B2,225D4C,198
B1,225D4C,69
W4,225D4C,169
W2,225D4C,188
B3,225D4C,158
W3,225D4C,3
H3,225D4C,134
H3,DFA79F,77
B2,DFA79F,89
W4,DFA79F,7
B3,DFA79F,20
H2,DFA79F,67
B1,DFA79F,144
W2,DFA79F,13
W3,DFA79F,67
W1,DFA79F,122
B5,DFA79F,111
C1,DFA79F,178
B5,C4D734,153
W3,C4D734,45
W1,C4D734,168
H3,C4D734,91
W4,C4D734,82
C1,C4D734,71
W2,C4D734,133
W2,68C5EB,198
B1,68C5EB,144
B3,68C5EB,44
W4,68C5EB,154
B4,68C5EB,3
W3,68C5EB,55
C1,68C5EB,68
B2,68C5EB,65
B5,68C5EB,43
H2,68C5EB,145
B5,0B4A3D,196
H2,0B4A3D,52
H3,0B4A3D,60
W4,0B4A3D,117
B3,0B4A3D,107
W3,58914D,33
H3,58914D,134
B1,58914D,26
W2,58914D,160
B3,58914D,61
W1,58914D,192
B4,58914D,6
B5,58914D,90
W4,58914D,182
C1,58914D,76
W4,617FC6,83
C1,617FC6,124
B1,617FC6,167
W3,617FC6,27
W2,617FC6,193
W1,617FC6,59
B5,617FC6,119
B2,617FC6,52
B4,617FC6,89
H2,95757C,24
W4,95757C,89
C1,95757C,90
W1,95757C,53
W3,95757C,136
B1,95757C,164
H3,95757C,186
B3,95757C,97
W1,2D2C34,127
W3,2D2C34,101
H2,2D2C34,18
W4,2D2C34,63
B5,2D2C34,173
B4,2D2C34,64
B4,802093,4
B5,048B03,92
B2,048B03,171
C1,048B03,109
B4,048B03,12
H3,048B03,87
H3,0384C2,163
W2,0384C2,191
B3,14EB55,76
H3,14EB55,4
B2,14EB55,143
B1,14EB55,100
H3,83480F,10
B2,83480F,75
B1,83480F,182
W4,83480F,24
B5,83480F,152
W3,83480F,10
B2,DFC6E4,83
B1,DFC6E4,85
W3,DFC6E4,75
B5,AC360F,153
W2,AC360F,92
B2,AC360F,151
B3,AC360F,180
W1,AC360F,152
W3,AC360F,123
H3,AC360F,162
W4,AC360F,91
W1,6CEA6D,102
W3,6CEA6D,164
B1,6CEA6D,92
B2,6CEA6D,182
W4,6CEA6D,197
C1,6CEA6D,185
W4,5944E2,63
B2,5944E2,83
B4,5944E2,97
H3,C625A1,48
B2,C625A1,83
W4,C625A1,5
C1,C625A1,200
W1,C625A1,118
B1,AAFD9C,140
H3,AAFD9C,60
W4,7A2A45,64
B2,7A2A45,106
W2,7A2A45,39
B4,7A2A45,38
C1,7A2A45,140
B5,7A2A45,89
B1,7A2A45,15
W1,7A2A45,102
W3,7A2A45,76
W1,0AD37D,144
B4,0AD37D,180
B2,0AD37D,168
B3,0AD37D,100
B1,0AD37D,87
W4,F71262,33
B5,F71262,54
C1,F71262,85
H3,F71262,52
B4,F71262,163
W1,F71262,196
H2,F71262,53
W3,F71262,74
W4,CDBF7B,76
C1,CDBF7B,179
B5,CDBF7B,44
B1,CDBF7B,77
W1,CDBF7B,63
W2,CDBF7B,177
H3,CDBF7B,17
B2,CDBF7B,141
W1,DF687E,97
W4,DF687E,137
H2,DF687E,137
H3,DF687E,84
B2,DF687E,190
C1,DF687E,147
B1,DF687E,114
W2,DB4DD5,185
W4,DB4DD5,95
H3,DB4DD5,104
B5,DB4DD5,119
B1,DB4DD5,59
W3,5B70E2,155
W2,5B70E2,54
B5,5B70E2,55
B2,5B70E2,97
H2,5B70E2,161
H3,5B70E2,100
B4,5B70E2,142
B1,5B70E2,183
B2,E3A315,185
B3,E3A315,30
W2,E3A315,134
W4,E3A315,154
C1,E3A315,188
W1,E3A315,126
H3,E3A315,107
H2,E3A315,23
B5,E3A315,129
B3,27B73F,113
B4,27B73F,186
H2,27B73F,147
W3,27B73F,162
B5,27B73F,50
W4,D46CEB,142
B3,D46CEB,55
B4,D46CEB,20
W2,D46CEB,186
H3,D46CEB,114
H3,571DE2,44
B2,571DE2,174
C1,571DE2,97
B3,571DE2,32
B4,571DE2,170
W4,571DE2,125
B1,571DE2,123
W3,571DE2,188
H2,571DE2,56
H2,DB2DBF,61
H3,DB2DBF,107
C1,DB2DBF,112
W2,DB2DBF,104
B4,DB2DBF,113
B1,DB2DBF,26
B5,DB2DBF,134
W1,DB2DBF,95
W4,DB2DBF,10
W3,A385AB,47
W2,A385AB,38
W4,A385AB,135
B3,500DA2,77
W1,500DA2,97
H2,500DA2,130
W4,500DA2,57
B1,500DA2,114
H3,8DCB19,188
B2,8DCB19,6
W1,8DCB19,69
B3,8DCB19,120
H3,7D1A3F,69
B4,7D1A3F,29
B1,7D1A3F,96
W3,7D1A3F,177
W2,7D1A3F,4
H2,7D1A3F,133
W1,8FCEE0,172
W2,8FCEE0,112
W3,8FCEE0,160
W3,A1CAD7,59
H3,A1CAD7,69
W2,A1CAD7,31
C1,A1CAD7,163
W1,A1CAD7,2
B3,A1CAD7,110
B1,F7BD0A,9
W1,F7BD0A,46
B5,F7BD0A,27
B3,F7BD0A,185
H2,F7BD0A,100
W3,F7BD0A,139
B2,F7BD0A,99
H3,F7BD0A,161
B4,F7BD0A,85
W4,F7BD0A,3
W1,8C5DF4,79
W2,8C5DF4,56
H2,8C5DF4,88
B3,8C5DF4,7
B2,8C5DF4,74
B1,8C5DF4,146
C1,8C5DF4,195
H3,8C5DF4,16
W1,BD635A,59
B1,BD635A,66
B4,BD635A,131
B3,CFAC50,67
B5,CFAC50,140
B4,CFAC50,98
W4,CFAC50,174
B1,925D0A,98
W4,925D0A,94
B3,925D0A,121
W3,925D0A,111
B5,925D0A,95
B4,925D0A,120
W1,87FBA4,57
C1,87FBA4,9
H3,87FBA4,196
B1,87FBA4,195
B5,87FBA4,36
B2,E04C11,18
H3,E04C11,155
B5,E04C11,166
B3,E04C11,130
W3,E04C11,59
W1,E04C11,94
W1,9303C1,134
B5,9303C1,19
B3,9303C1,30
W2,9303C1,171
W3,9303C1,140
C1,C9AD3C,86
H2,C9AD3C,186
W4,C9AD3C,170
W3,C9AD3C,100
H3,92E901,134
B5,21DDA9,152
H2,21DDA9,94
B2,21DDA9,82
B3,21DDA9,179
W4,21DDA9,77
W2,21DDA9,175
B4,21DDA9,146
W3,21DDA9,52
W1,21DDA9,37
B4,62FE76,7
W4,62FE76,172
W3,62FE76,160
W2,62FE76,183
B5,62FE76,25
B1,62FE76,147
H2,62FE76,50
C1,62FE76,138
W2,9B2E50,143
W4,9B2E50,104
C1,9B2E50,153
H2,9B2E50,77
B4,9B2E50,163
H3,9B2E50,106
B5,9B2E50,71
B1,F816BC,34
W4,F816BC,66
B3,6CDB02,139
W1,6CDB02,63
H3,6CDB02,192
H2,6CDB02,175
B5,DB8A63,120
B1,DB8A63,179
B4,DB8A63,150
W4,DB8A63,172
B4,10FDBC,70
H3,10FDBC,21
W1,10FDBC,199
W2,10FDBC,16
C1,10FDBC,118
B2,10FDBC,25
B1,10FDBC,180
H2,10FDBC,187
W3,10FDBC,199
B2,13854B,119
H2,13854B,89
B4,13854B,154
B1,13854B,46
W4,13854B,146
W2,13854B,17
B5,13854B,35
H3,13854B,6
W2,02DA3E,64
C1,02DA3E,133
W3,CD74AA,151
B4,CD74AA,111
W4,CD74AA,57
B5,CD74AA,181
H3,CD74AA,112
B3,CD74AA,200
B2,CD74AA,152
H2,CD74AA,31
B5,81C463,47
W4,81C463,62
H3,81C463,147
H2,81C463,135
W2,81C463,139
W3,81C463,29
B2,B96899,163
W3,B96899,51
H2,B96899,40
W2,B96899,88
C1,B96899,186
B4,B96899,189
W1,A3F23C,91
W4,A3F23C,190
B5,A3F23C,104
W3,A3F23C,104
B4,A3F23C,186
B3,A3F23C,41
H3,A3F23C,39
B2,A3F23C,4
B1,A3F23C,66
W2,6D4863,105
B4,6D4863,145
B1,93BE6C,5
W1,D4453E,5
H2,D4453E,98
W3,D4453E,177
B1,D4453E,156
B5,D4453E,56
H3,D4453E,23
W4,D4453E,105
C1,D4453E,65
B2,D4453E,59
W2,D4453E,56
B4,D4453E,16
W1,01543A,34
B3,01543A,153
H3,01543A,18
W2,01543A,142
W3,01543A,125
B2,01543A,50
B5,01543A,102
B1,01543A,118
W1,AF34B7,4
W2,AF34B7,103
B4,AF34B7,29
H2,AF34B7,173
B1,AF34B7,95
H3,AF34B7,75
B5,AF34B7,19
B3,AF34B7,184
B2,AF34B7,106
B2,92306F,192
B3,92306F,31
W3,92306F,181
W2,92306F,89
W1,92306F,17
H2,92306F,197
W4,92306F,116
B5,92306F,131
H3,92306F,120
B1,92306F,87
C1,92306F,152
W4,E187E8,122
H3,E187E8,28
H2,E187E8,94
B2,E187E8,9
B3,E187E8,107
W3,E187E8,36
W2,E187E8,8
W1,E187E8,26
B5,5A95CB,66
B1,5A95CB,42
B3,5A95CB,62
C1,5A95CB,137
H3,5A95CB,175
W1,5A95CB,64
B1,943FB3,11
W3,943FB3,156
C1,943FB3,196
W1,377CDD,7
W3,377CDD,64
B4,377CDD,2
W4,377CDD,197
B2,377CDD,38
H3,377CDD,55
B1,377CDD,126
H2,377CDD,159
W2,377CDD,135
C1,377CDD,197
B5,377CDD,146
B5,FF7BA0,160
B2,FF7BA0,55
B4,FF7BA0,185
H2,FF7BA0,96
H3,FF7BA0,195
W4,FF7BA0,87
W3,FF7BA0,3
B5,E62577,118
W3,F53973,87
C1,F53973,178
W2,F53973,18
B4,F53973,184
H2,F53973,91
B2,F53973,41
W1,F53973,189
B5,1F7914,68
B1,1F7914,187
W2,1F7914,116
B3,1F7914,84
H2,1F7914,113
B4,1F7914,123
B2,1F7914,99
C1,1F7914,183
W1,1F7914,161
H3,1F7914,197
W4,1F7914,84
W3,607309,18
B4,607309,30
H3,2C6998,55
B3,790CE7,68
B5,9975AD,34
W3,9975AD,2
B1,9975AD,100
W1,9975AD,150
W4,9975AD,192
W2,9975AD,174
C1,9975AD,146
B3,9975AD,145
H2,9975AD,37
B2,9975AD,89
B5,B0BC64,21
W1,B0BC64,18
H3,B0BC64,173
W3,B0BC64,188
W4,B0BC64,54
B2,B0BC64,96
C1,B0BC64,199
B4,B0BC64,179
W2,B0BC64,187
B1,B0BC64,122
B3,B0BC64,38
B4,AA68DA,91
W1,AA68DA,125
B5,AA68DA,95
W2,AA68DA,3
H2,AA68DA,164
B5,79C30D,82
W4,79C30D,5
W2,79C30D,42
B3,79C30D,45
B4,E26431,25
W4,E26431,190
B2,E26431,22
H3,8A0B19,31
B4,8A0B19,124
W1,8A0B19,136
W3,8A0B19,56
W4,8A0B19,86
W2,8A0B19,147
H2,8A0B19,52
B5,8A0B19,28
B2,8A0B19,96
B1,A0D36D,35
W1,A0D36D,35
H3,A0D36D,98
B3,A0D36D,128
B5,A0D36D,195
W4,A0D36D,6
W4,A2F5CC,166
W1,A2F5CC,152
B1,A2F5CC,79
W2,A2F5CC,193
B2,A2F5CC,72
H3,A2F5CC,164
B5,A2F5CC,58
C1,A2F5CC,6
H3,4645FE,54
W2,4645FE,14
W3,4645FE,21
B1,4645FE,158
H2,4645FE,4
W1,4645FE,16
C1,4645FE,14
W4,4645FE,103
B4,4645FE,47
B4,6A4B94,88
H3,6A4B94,45
H3,36B489,21
W4,36B489,160
W2,36B489,99
W1,36B489,138
B5,36B489,164
B3,36B489,64
W1,8B74E4,120
H3,8B74E4,137
B2,8B74E4,42
W2,8B74E4,26
B4,8B74E4,38
W3,8B74E4,113
W4,453120,187
W1,453120,49
B1,453120,103
H3,453120,147
W3,453120,118
W1,019E63,153
B5,019E63,89
C1,019E63,161
W3,C85CBF,116
B5,C85CBF,175
C1,C85CBF,119
B2,1A4444,127
B1,1A4444,105
W3,1A4444,124
W1,1A4444,133
W2,1A4444,86
B3,1A4444,171
B4,1A4444,119
W2,437C8A,141
B2,437C8A,164
C1,5F0F0B,113
B3,5F0F0B,198
H3,5F0F0B,189
B5,5F0F0B,67
W3,5F0F0B,129
H2,5F0F0B,128
W4,5F0F0B,139
H3,B05704,27
W3,B05704,121
W1,B05704,190
C1,20BF3D,164
H3,20BF3D,120
B4,20BF3D,4
B5,20BF3D,82
W2,20BF3D,160
H2,20BF3D,130
W1,20BF3D,158
B2,20BF3D,96
W4,20BF3D,51
W3,20BF3D,148
W2,BEA57E,35
W1,0122EC,153
B5,0122EC,35
B2,E0D3BB,26
B1,E0D3BB,11
B5,E0D3BB,124
C1,E0D3BB,105
H3,E0D3BB,57
B4,E0D3BB,156
B3,E0D3BB,138
W4,E0D3BB,132
B5,E1A614,160
H2,E1A614,190
H3,E1A614,68
B3,E1A614,153
W4,E1A614,76
W2,E1A614,116
B4,E1A614,2
B2,E1A614,9
B3,6F22A2,49
W4,6F22A2,59
H3,6F22A2,28
B5,791D6C,81
H3,791D6C,103
W2,791D6C,195
B3,791D6C,78
B4,7836F8,150
W4,7836F8,59
B2,7836F8,43
W1,7836F8,175
B1,7836F8,86
B3,7836F8,131
H3,7836F8,97
W3,7836F8,94
H2,7836F8,174
H2,6F7F94,54
H3,6F7F94,31
C1,6F7F94,76
W2,6F7F94,130
B3,6F7F94,121
B2,6F7F94,103
W3,6F7F94,114
B4,6F7F94,146
W1,6F7F94,168
B1,6F7F94,113
W4,6F7F94,189
B1,29C0F3,12
H3,29C0F3,146
B4,5B3853,130
W4,5B3853,198
W1,5B3853,142
H2,5B3853,186
B5,5B3853,53
H3,5B3853,97
B1,7A6D52,79
W1,7A6D52,156
B4,7A6D52,30
H2,7A6D52,95
W2,7A6D52,180
B5,49F5BD,170
B4,49F5BD,57
W3,49F5BD,69
B1,49F5BD,39
B4,63AF3F,139
B5,63AF3F,128
B1,63AF3F,7
C1,63AF3F,15
W4,63AF3F,28
W1,63AF3F,117
B2,2D408D,42
H2,2D408D,161
W4,2D408D,25
B3,2D408D,179
C1,2D408D,176
B5,2D408D,26
W4,070E61,151
B1,070E61,26
B4,070E61,46
W3,070E61,165
B3,070E61,52
C1,070E61,137
H2,070E61,176
W1,070E61,80
H3,070E61,170
B2,070E61,53
B5,070E61,78
C1,679E7D,64
H3,679E7D,25
W4,0C373F,147
B4,0C373F,64
B1,0C373F,49
B2,0C373F,147
C1,0C373F,173
B3,0C373F,62
H2,0C373F,32
W3,0C373F,101
H3,0C373F,101
B5,0C373F,37
W2,0C373F,164
B5,B8AA1C,48
B3,052F48,57
B4,052F48,163
B1,052F48,116
W3,052F48,95
H2,052F48,74
W2,052F48,44
B2,052F48,74
W4,052F48,67
B3,58EA77,141
W3,58EA77,191
B4,58EA77,173
W1,58EA77,78
B2,58EA77,25
W2,58EA77,47
H3,58EA77,54
B1,58EA77,101
W2,6E60F5,89
H3,6E60F5,147
B5,6E60F5,45
W3,6E60F5,90
B4,6E60F5,37
C1,6E60F5,92
B1,6E60F5,62
B3,6E60F5,105
W1,6E60F5,38
B2,6E60F5,76
C1,59C37C,12
W2,59C37C,136
B3,59C37C,182
H2,59C37C,26
W3,59C37C,129
W2,BE99E7,4
W4,BE99E7,30
B1,BE99E7,171
C1,BE99E7,192
B5,BE99E7,99
H2,203A6D,185
W4,203A6D,85
B3,203A6D,61
B4,203A6D,69
W2,203A6D,31
W3,203A6D,98
H3,A257C8,48
B4,A257C8,21
B2,A257C8,190
H2,A257C8,199
W2,A257C8,131
C1,A257C8,106
B1,A257C8,83
W1,A257C8,95
W4,A257C8,38
B3,A257C8,66
B5,A257C8,83
B3,EB67F8,9
C1,EB67F8,141
B4,92DD19,152
W2,92DD19,107
W3,92DD19,82
B5,92DD19,96
W4,92DD19,89
W1,92DD19,149
C1,92DD19,5
B1,C17514,119
W4,C17514,122
B2,C17514,197
W2,C17514,63
B5,C17514,127
W1,C17514,124
B4,C17514,79
B3,C17514,128
C1,C17514,195
B4,03857B,171
W2,03857B,38
H2,03857B,30
B3,D14450,65
C1,AE611B,43
W3,AE611B,27
B4,AE611B,77
W1,AE611B,40
B3,AE611B,169
H2,AE611B,91
W4,AE611B,112
W2,AE611B,48
B2,AE611B,195
B4,DFE662,154
C1,DFE662,187
W4,E9D3AA,36
B3,E9D3AA,77
H3,E9D3AA,192
W1,E9D3AA,21
W2,E9D3AA,171
B4,C70F31,144
B5,C70F31,86
H2,C70F31,68
W2,C70F31,7
W3,4EAD13,35
W4,4EAD13,138
W1,F9675B,63
B4,F9675B,90
W4,F9675B,191
B5,F9675B,54
C1,F9675B,81
B1,F9675B,103
B3,F9675B,84
H2,F9675B,111
B2,F9675B,120
H3,F9675B,151
B3,5816F0,103
W1,5816F0,84
C1,5816F0,85
W3,5816F0,173
B4,5816F0,159
B2,5816F0,16
H2,5816F0,112
W4,5816F0,140
H3,5816F0,184
B1,7881B7,1
H2,7881B7,146
B2,7881B7,13
H3,7881B7,2
W4,7881B7,104
W1,31CE95,139
W2,31CE95,148
H3,31CE95,57
W4,31CE95,180
H2,31CE95,161
C1,31CE95,2
B2,31CE95,80
B5,B2221F,132
C1,B2221F,185
W4,B2221F,185
B1,B2221F,188
W1,B2221F,14
W4,F67825,105
H2,F67825,48
B4,683AAE,132
W4,683AAE,59
C1,683AAE,39
B5,683AAE,166
W2,683AAE,83
B2,683AAE,141
B3,683AAE,120
B1,683AAE,2
W2,3947DD,165
B3,3947DD,198
W3,3947DD,170
H3,3947DD,130
C1,3947DD,23
B2,3947DD,168
W4,3947DD,122
H2,3947DD,89
B5,3947DD,157
B4,3947DD,77
W3,5C1115,20
H3,5C1115,117
B1,5C1115,11
B4,5C1115,32
W2,5C1115,115
B3,5C1115,151
B5,5C1115,148
W1,5C1115,21
H2,5C1115,17
C1,5C1115,3
B2,5C1115,97
B4,C591F9,192
B2,C591F9,97
W2,6BD02A,113
H3,6BD02A,164
B2,6BD02A,194
C1,6BD02A,171
W4,6BD02A,62
B1,6BD02A,6
B5,6BD02A,87
H2,6BD02A,170
B3,6BD02A,39
W3,6BD02A,49
B4,6BD02A,61
W4,6ED0F4,98
W1,6ED0F4,107
W3,6ED0F4,149
W2,6ED0F4,6
W1,94FBB7,165
W2,94FBB7,161
B3,94FBB7,31
B5,BADFDA,159
B3,BADFDA,93
W4,BADFDA,147
C1,A20298,54
H2,A20298,195
W3,A20298,112
B5,A20298,180
B4,A20298,128
B1,A20298,9
H3,A20298,171
W2,A20298,32
W4,A20298,26
W2,C7E062,34
B4,F5A796,185
C1,F5A796,118
C1,A8C829,159
B2,A8C829,107
B1,AD4243,27
W3,AD4243,83
B2,AD4243,18
B3,AD4243,177
B5,AD4243,85
B4,AD4243,162
H2,AD4243,169
C1,AD4243,45
H3,AD4243,1
W1,AD4243,148
C1,B07CD3,161
W3,C98F5A,121
W4,C98F5A,33
W2,C98F5A,138
B5,C98F5A,31
B4,C98F5A,78
C1,C98F5A,148
H2,C98F5A,149
B3,C98F5A,101
B2,C98F5A,8
H3,C98F5A,37
W1,C98F5A,131
H2,D44EF7,26
B1,D44EF7,63
W1,D44EF7,69
C1,D44EF7,40
W4,D44EF7,7
W2,D44EF7,68
H3,D44EF7,189
B3,D44EF7,30
B5,D44EF7,87
B4,D44EF7,111
B5,BFA992,22
B3,BFA992,121
W2,BFA992,1
W3,BFA992,23
B1,BFA992,117
H3,BFA992,88
H2,BFA992,190
W4,BFA992,183
W1,BFA992,67
W1,76655E,172
B1,76655E,60
B5,76655E,88
B3,76655E,92
B2,76655E,191
C1,76655E,190
H3,76655E,182
B4,76655E,134
W1,0FB88C,97
H2,0FB88C,23
B1,0FB88C,45
B5,0FB88C,39
W3,C9D456,58
C1,C9D456,195
H3,C9D456,90
B4,C9D456,54
W4,C9D456,192
W2,C9D456,145
H2,C9D456,165
B5,C9D456,117
B3,C9D456,187
B2,C9D456,152
W1,C9D456,135
H2,FD36B8,189
W3,FD36B8,155
B3,FD36B8,139
W4,86BF32,197
W2,86BF32,55
B2,86BF32,143
H2,86BF32,188
B3,86BF32,169
B5,86BF32,120
B4,86BF32,88
C1,86BF32,97
C1,0D0DF8,132
W1,0D0DF8,85
B1,0D0DF8,66
B4,0D0DF8,126
H3,0D0DF8,104
B5,0D0DF8,14
W4,0D0DF8,98
B2,0D0DF8,1
H2,0D0DF8,67
B3,0D0DF8,19
C1,B45707,183
B3,B45707,79
B2,B45707,86
B1,B45707,94
W4,B45707,2
H2,B45707,165
W3,B45707,129
W1,9C45E5,200
H2,9C45E5,1
B1,9C45E5,187
B3,9C45E5,30
W3,9C45E5,188
W4,63288D,32
B5,63288D,146
C1,63288D,176
W1,63288D,105
H2,63288D,83
W2,63288D,58
B3,63288D,52
B1,63288D,77
W3,63288D,146
H3,63288D,136
B4,63288D,159
B5,271D51,29
B1,271D51,134
B3,271D51,64
W1,271D51,192
C1,271D51,191
W2,271D51,48
W3,271D51,160
H3,271D51,154
B2,271D51,75
W4,271D51,14
B4,271D51,75
W2,95B72C,77
B4,95B72C,137
W1,95B72C,149
C1,95B72C,91
B2,C8C4D7,48
B5,C8C4D7,64
B4,C8C4D7,149
C1,C8C4D7,104
H2,C8C4D7,6
W4,C8C4D7,23
W3,C8C4D7,25
W1,C8C4D7,88
H3,C8C4D7,94
W3,F6A73C,118
C1,F6A73C,110
B5,F6A73C,171
W2,F6A73C,171
B2,F6A73C,166
B3,F6A73C,134
W1,F6A73C,84
B1,F6A73C,164
H2,F6A73C,39
B4,F6A73C,104
H3,F6A73C,87
W1,8B27AA,127
H2,8B27AA,62
W4,8B27AA,133
H3,8B27AA,108
W3,8B27AA,131
W4,C49E0A,88
H3,C49E0A,149
W3,C49E0A,69
B3,C49E0A,193
C1,C49E0A,82
B4,C49E0A,3
B5,C49E0A,30
B2,C49E0A,192
C1,5D7D79,71
W3,FB1EC1,120
W2,FB1EC1,95
H3,FB1EC1,81
B1,FB1EC1,183
B3,FB1EC1,11
B2,FB1EC1,79
B5,FB1EC1,4
C1,FB1EC1,6
W4,FB1EC1,143
H2,FB1EC1,51
B4,2078B5,141
B5,2078B5,3
H3,2078B5,182
B3,2078B5,91
W1,2078B5,149
W3,2078B5,180
B1,2078B5,3
W2,2078B5,29
B2,2078B5,134
W3,B5D8F7,161
H3,B5D8F7,98
B5,2C3A4E,14
W2,2C3A4E,41
W3,2C3A4E,183
W1,2C3A4E,165
B1,2C3A4E,152
W3,4D1F7C,167
W4,4D1F7C,6
H3,4D1F7C,158
B5,4D1F7C,120
B1,4D1F7C,194
W1,4D1F7C,40
C1,4D1F7C,106
B3,4D1F7C,197
B2,4D1F7C,51
W2,4D1F7C,114
H2,4D1F7C,100
C1,CBD5FE,8
W1,CBD5FE,192
B3,CBD5FE,12
B5,CBD5FE,103
H3,CBD5FE,35
B2,CBD5FE,14
B3,D9930A,154
H3,D9930A,11
B5,D9930A,30
H2,D9930A,101
W3,D9930A,84
B1,AC8A6B,145
B4,AC8A6B,105
H2,AC8A6B,30
B2,AC8A6B,191
B3,AC8A6B,163
C1,AC8A6B,153
H3,AC8A6B,5
B5,AC8A6B,53
W3,AC8A6B,177
B2,EE935F,72
C1,EE935F,191
B4,EE935F,113
W1,EE935F,56
B3,EE935F,124
W2,EE935F,121
H2,EE935F,99
B5,EE935F,73
H3,EE935F,125
B1,EE935F,72
W4,EE935F,111
B1,D61B34,39
W1,D61B34,73
H2,D61B34,48
B3,D61B34,20
B2,D61B34,97
W4,D61B34,71
C1,D61B34,105
W2,D61B34,99
H3,90CE47,197
C1,F2B5D1,22
H2,F2B5D1,71
B2,F2B5D1,45
B4,F2B5D1,192
H3,F2B5D1,124
W1,F2B5D1,9
B5,F2B5D1,100
W2,F2B5D1,47
W3,F2B5D1,104
B1,F2B5D1,175
B3,F2B5D1,88
W3,103F3C,39
H2,103F3C,19
H3,103F3C,88
W2,103F3C,122
W1,103F3C,91
B1,103F3C,10
B2,103F3C,47
B5,103F3C,158
B4,103F3C,8
W4,103F3C,50
B3,103F3C,104
H2,5040B7,124
W1,5040B7,145
B4,5040B7,89
B2,5040B7,131
W3,5040B7,98
B1,5040B7,169
H3,5040B7,47
B5,5040B7,26
W2,5DAFC4,156
C1,5DAFC4,46
B1,5DAFC4,95
B3,5DAFC4,40
H2,5DAFC4,183
H3,5DAFC4,39
B4,5DAFC4,147
B3,4BDCCD,121
H2,4BDCCD,80
W1,4BDCCD,64
W3,BB6F76,42
B1,BB6F76,48
W4,BB6F76,172
B3,BB6F76,6
B4,BB6F76,93
H3,BB6F76,124
W1,BB6F76,101
H2,E67939,95
W4,E67939,125
C1,E67939,58
B4,E67939,53
B3,E67939,174
H3,E67939,133
B5,E67939,34
B2,E67939,31
W2,E67939,188
B1,E67939,89
B3,C6EFB8,70
H3,C6EFB8,102
W1,C6EFB8,89
B1,C6EFB8,58
B4,C6EFB8,170
B5,C6EFB8,156
W2,C6EFB8,45
W4,C6EFB8,180
H2,C6EFB8,41
W2,4EC558,29
H2,4EC558,37
B2,4EC558,21
B1,4EC558,113
B5,2DD575,200
B1,2DD575,194
B4,2DD575,157
H3,54CBD1,46
B4,54CBD1,103
W2,54CBD1,9
B2,54CBD1,134
H2,54CBD1,130
B4,11CCD4,35
B5,11CCD4,112
W2,11CCD4,55
B1,11CCD4,173
B5,6113E9,53
C1,6113E9,132
B4,6113E9,73
W4,6113E9,146
W1,6113E9,195
B3,6113E9,142
W3,6113E9,100
C1,8BF714,82
B5,8BF714,95
H3,8BF714,105
W1,8BF714,110
B3,8BF714,69
B2,8BF714,144
B1,8BF714,131
H2,8BF714,147
W2,8BF714,41
W3,8BF714,50
C1,6E21EB,89
W3,6E21EB,149
B1,51FA8C,28
B2,51FA8C,94
C1,51FA8C,167
B3,51FA8C,70
B5,51FA8C,164
W4,134D97,93
B3,134D97,196
C1,134D97,174
H3,134D97,180
W1,134D97,162
B2,134D97,10
B4,134D97,153
W1,345F0B,23
B1,345F0B,104
H2,345F0B,199
C1,345F0B,71
W3,345F0B,183
H3,345F0B,147
W4,345F0B,135
B4,345F0B,132
B5,345F0B,105
W2,7B168C,168
B1,7B168C,139
H3,49AD2F,65
W4,49AD2F,129
B5,49AD2F,63
B1,49AD2F,66
C1,49AD2F,93
W1,49AD2F,39
H2,49AD2F,182
B4,49AD2F,94
B3,49AD2F,170
B2,49AD2F,12
W3,49AD2F,4
B3,75BD0D,16
B2,75BD0D,46
W1,347D19,157
B2,00362B,111
W4,00362B,159
H3,00362B,134
B4,00362B,118
W1,00362B,131
C1,00362B,93
B3,00362B,196
B1,00362B,158
B5,00362B,123
W2,00362B,55
W3,00362B,37
W2,812758,58
B3,812758,12
H3,812758,194
W4,812758,61
W3,45C579,50
W1,45C579,97
H2,45C579,55
B4,45C579,10
W2,45C579,134
B3,45C579,67
C1,45C579,86
B5,45C579,165
W4,45C579,109
B2,45C579,86
H3,9FEF17,148
H2,9FEF17,192
B5,9FEF17,155
W3,DE8298,64
B2,DE8298,152
H3,DE8298,154
B5,9F9507,116
W2,9F9507,153
B4,9F9507,128
B2,9F9507,189
C1,9F9507,3
B3,9F9507,143
W3,9F9507,139
B3,3F0E26,38
H3,F4DD18,134
W3,F4DD18,118
W1,F4DD18,64
W2,F4DD18,22
B5,F4DD18,92
B1,C153DE,86
W4,C153DE,198
W3,C153DE,107
B5,C153DE,76
B2,C153DE,148
W1,C153DE,4
C1,3009B1,4
W3,3009B1,131
B2,3009B1,109
H3,3009B1,11
W2,3009B1,123
W2,11D44C,83
W4,3AFB8A,32
W3,3AFB8A,35
H3,3AFB8A,41
W2,3AFB8A,24
B4,3AFB8A,49
C1,3AFB8A,78
W1,3AFB8A,152
B3,3AFB8A,23
B1,3AFB8A,17
H2,3AFB8A,9
B2,3AFB8A,182
W2,BACEF2,38
W3,BACEF2,14
W4,BACEF2,119
B2,BACEF2,199
B3,BACEF2,103
B1,BACEF2,138
B5,BACEF2,59
C1,BACEF2,62
B2,966D81,50
B3,966D81,199
C1,966D81,174
W4,966D81,68
W1,966D81,163
H2,966D81,157
W3,966D81,25
B3,61B307,194
W4,61B307,1
C1,61B307,140
B3,B320D0,6
W2,B320D0,89
C1,B320D0,44
W4,B320D0,6
W1,B320D0,99
H2,B320D0,34
B4,B320D0,112
H3,B320D0,123
W3,C217F7,142
H3,C217F7,109
W2,C217F7,96
W1,C217F7,78
W4,C217F7,45
B3,C217F7,177
B4,C217F7,187
B2,C217F7,89
H3,910E7A,63
B1,910E7A,200
W2,910E7A,33
B4,3CB859,143
B1,3CB859,1
W2,3CB859,26
W1,3CB859,151
B2,62DB8B,187
H2,62DB8B,56
C1,62DB8B,133
B3,62DB8B,137
H3,62DB8B,55
W2,F99D66,174
B3,F99D66,16
B5,F99D66,46
H3,F99D66,179
B2,F99D66,99
W3,F99D66,63
B1,F99D66,24
B2,B24FBA,198
H2,B24FBA,139
B5,B24FBA,118
C1,B24FBA,195
W2,B24FBA,96
B1,B24FBA,131
B3,B24FBA,37
B1,331423,183
W1,307648,41
C1,307648,116
B3,307648,27
B4,307648,113
W4,307648,148
B5,307648,103
B2,307648,173
W2,307648,190
B1,307648,156
W3,307648,166
B5,E7682C,45
B4,E7682C,82
W1,E7682C,59
H3,E7682C,145
B1,E7682C,176
H2,E7682C,136
B3,E7682C,48
B3,D902BD,179
C1,D902BD,160
B1,F612AE,120
B2,F612AE,65
B5,F612AE,101
H3,F612AE,162
W2,F612AE,12
W1,F612AE,141
W2,B50BEC,89
B3,B50BEC,123
H2,B50BEC,55
B4,B50BEC,189
W4,B50BEC,150
B5,B50BEC,131
W3,384DDC,12
C1,384DDC,58
B5,384DDC,89
H3,384DDC,83
H2,384DDC,47
W4,384DDC,87
B1,384DDC,7
B4,384DDC,60
W1,384DDC,140
B4,524E08,141
B3,524E08,115
W3,524E08,88
W4,524E08,49
H3,524E08,123
B5,524E08,23
H2,524E08,23
C1,524E08,140
B2,524E08,119
B1,524E08,55
W2,524E08,105
W2,47255F,175
C1,47255F,139
B5,47255F,32
W4,47255F,44
B1,47255F,198
B2,47255F,152
B3,47255F,62
H3,47255F,157
B3,B7B33F,144
B1,B7B33F,166
H2,B7B33F,160
B4,B7B33F,35
W1,B7B33F,80
W4,B7B33F,182
H3,B7B33F,125
W2,42ED42,97
B4,42ED42,189
C1,42ED42,76
W4,42ED42,173
B1,42ED42,113
C1,D28702,24
W1,D28702,112
W2,D28702,196
B1,D28702,148
H3,D28702,6
B3,D28702,40
W2,9F822E,109
B5,9F822E,124
H2,9F822E,139
C1,9F822E,21
B3,9F822E,132
B4,9F822E,90
W1,9F822E,6
W4,9F822E,152
B2,9F822E,112
W3,9F822E,102
C1,61162B,177
W3,61162B,154
B3,61162B,2
H3,61162B,140
B2,61162B,137
W2,61162B,74
W4,61162B,191
H2,61162B,42
B4,61162B,93
B5,61162B,111
B3,6D58B8,144
H2,6D58B8,97
B3,F30CB1,81
B4,F30CB1,63
B1,F30CB1,125
C1,F30CB1,160
H2,F30CB1,169
W4,F30CB1,38
B5,F30CB1,55
B5,54ED69,136
C1,54ED69,177
C1,76634E,9
W4,76634E,3
H3,76634E,122
B2,76634E,86
B3,76634E,63
B5,76634E,89
H2,76634E,129
W4,839E45,61
C1,839E45,75
B1,839E45,9
W1,839E45,143
B3,839E45,31
H3,839E45,9
B5,839E45,49
B5,DEA463,21
W2,DEA463,18
W1,DEA463,170
C1,DEA463,150
B4,DEA463,65
B2,DEA463,51
W4,31BEBA,130
B2,31BEBA,130
W2,31BEBA,172
W3,31BEBA,188
W4,D38D7F,7
W3,D38D7F,174
B4,D38D7F,44
H3,D38D7F,124
C1,D38D7F,182
W3,3B62C2,18
B1,B7B771,144
W2,B7B771,179
B4,B7B771,26
H2,B7B771,45
W3,B7B771,48
B3,B7B771,48
C1,B7B771,192
B5,B7B771,71
B2,B7B771,50
H3,B7B771,12
W1,B7B771,75
B4,D31AAF,25
W1,D31AAF,123
W4,5BFC10,40
H2,5BFC10,195
W2,5BFC10,39
B3,5BFC10,35
W4,23B911,41
H2,23B911,68
W3,23B911,55
B1,23B911,15
W1,23B911,125
B2,23B911,72
B5,23B911,91
W2,23B911,39
B4,23B911,182
H3,23B911,102
W4,3466E7,95
B1,3466E7,80
W2,3466E7,20
W3,3466E7,148
B3,3466E7,142
B4,F789BF,161
H3,F789BF,134
W1,F789BF,5
H2,F789BF,37
B3,F789BF,150
B4,51DE81,101
B2,51DE81,132
H2,51DE81,182
C1,51DE81,189
H3,51DE81,47
W2,51DE81,6
W1,51DE81,26
B5,51DE81,150
B3,51DE81,126
W4,51DE81,174
W3,51DE81,47
H2,986CEF,31
C1,2B9272,200
B2,2B9272,6
H3,2B9272,174
W4,2B9272,26
B4,2B9272,191
W2,2B9272,91
B1,2B9272,164
B3,2B9272,27
W1,2B9272,131
W3,2B9272,5
H2,2B9272,175
C1,E53069,61
B1,E53069,8
W1,32C11A,158
W3,32C11A,33
B1,32C11A,77
B5,32C11A,111
W4,32C11A,152
H2,32C11A,67
B2,32C11A,158
B4,32C11A,31
B3,32C11A,139
W2,32C11A,45
